id,body,picture,actor,time,posts_class,control,des_20,des_80,des_20_community_injunctive,des_80_community_injunctive,des_20_injunctive_platform,des_80_injunctive_platform
1,Wake Up! Drug companies sell vaccines to make money!!,drug companies sell vaccines to make money2.jpeg,coachmatthews,-20:35:30,anti-vaccine,0,1,1,1,1,1,1
2,"The only time I ever got the flu was the one year I got the shot. Face it, vaccines are more likely to make you sick!",SickFromShot.jpg,difrad,-18:12:07,anti-vaccine,0,1,1,1,1,1,1
3,Everyone should know what they're putting in their bodies!! Did you even know all these ingredients were in vaccines??,FluShotIngredients.jpg,M.Kapadia92,33:20:29,anti-vaccine,0,1,1,1,1,1,1
4,"No matter what, I WILL NOT stand for vaccines being forced on our children. Know your rights!!!!",MyChildMyChoice.jpg,SnakeCharmer,64:57:30,anti-vaccine,0,1,1,1,1,1,1
5,This is what they don't want you to see..... ALL of these reported adverse vaccine reactions!,VaccineDangers.jpg,livelaughlove,15:33:11,anti-vaccine,0,1,1,1,1,1,1
6,"Thought I'd share this book I found, you don't NEED a vaccine!! So many other ways to stay healthy.",VaccineAlternatives.jpg,bblueberryy,41:51:42,anti-vaccine,0,0,1,0,1,0,1
7,Vaccine? No thanks. Why would I inject my kid with all those chemicals?? Might as well expose them to the real thing for immunity......,VaccineIngredients.jpg,ancho-n-cayenne,-9:12:34,anti-vaccine,0,1,1,1,1,1,1
8,HELP!! My kids' school is telling me my children must be vaccinated. I know the risks but they won't listen to me! Any advice??,MyChildMyChoice2.jpg,john73,-8:27:22,anti-vaccine,0,1,1,1,1,1,1
9,DID YOU KNOW: A large number of people who die from the flu each year actually got the shot? Vaccines don't work!,HospitalFromFlu.jpg,coachmatthews,71:51:35,anti-vaccine,0,0,1,0,1,0,1
10,"Sure, inject yourself with the disease you want immunity from...... that makes sense.......",VirusInVaccine.png,NoahM1121,32:48:14,anti-vaccine,0,1,1,1,1,1,1
11,"My friend has several health issues, yet she continues to get the flu vaccine every year. She doesn't see how the two could be connected.... how can I help her understand??",SevereReactions.jpg,MannyDL34,65:39:12,anti-vaccine,0,1,1,1,1,1,1
12,Vaccines will HURT your children's immune systems!! Much better to let them build that NATURAL immunity over ARTIFICIAL treatments. Let them get sick!,NaturalVsArtificial.jpg,sweetpea,-19:20:27,anti-vaccine,0,1,1,1,1,1,1
13,These helicopter parents are getting out of hand. Stop sheltering your kids by injecting them with these toxins! They'll need to learn to tolerate cold symptoms at some point.,HelicopterParent.jpg,mateoV,-16:38:22,anti-vaccine,0,1,1,1,1,1,1
14,"How can you actually expect me to trust my doctor's advice on getting vaccinated, when they are overly incentivized by big pharma??",BigPharma1.jpg,artisanalways,0:23:14,anti-vaccine,0,1,1,1,1,1,1
15,"If vaccines can hurt those who are immunocompromised, how can we know it's not hurting the rest of us too? Thanks, I'll pass.",CannotVaccinate.jpg,Jcole9,-17:21:34,anti-vaccine,0,1,1,1,1,1,1
16,"If vaccines are so harmless, take a look at the ingredient list. Would you be willing to eat that? Didn't think so.",VaccineIngredients2.jpg,_aikira_,0:57:12,anti-vaccine,0,0,1,0,1,0,1
17,"I can't believe this. My husband just got home from work and told me he got a FLU SHOT. He's trying to talk to me about and even convince me to get one too, but I'm honestly horrified I can't talk to him rn. Any advice??",AntiVax1.jpg,lee.alexa,-23:27:31,anti-vaccine,0,1,1,1,1,1,1
18,"We are all entitled to our beliefs, I've done my research and I'm convinced of the harmful effects of vaccines. I'm not interested in debating you!",CureWorseThanDisease.png,ria_camiii,-10:39:00,anti-vaccine,0,1,1,1,1,1,1
19,"A doctor's only incentive for getting kids vaccinated is the money they get from BIG PHARMA. Don't be afraid to trust your instincts over their ""expertise""",BigPharma2.jpg,caffeinated,54:14:44,anti-vaccine,0,1,1,1,1,1,1
20,"I've done my own research, the link between vaccines and autism is there. PLEASE educate yourselves!!!",AntiVax2.jpeg,earthpulse,41:25:28,anti-vaccine,0,1,1,1,1,1,1
21,"Hmm... inject myself with chemicals, or tolerate a week of the sniffles..... let me think about it......",VaccineIngredients3.jpg,casssssssssie,-19:41:43,anti-vaccine,0,1,1,1,1,1,1
22,When are you going to stop listening to CORRUPT physicians working with Big Pharma??? They don't care about helping you!,BigPharma3.jpg,breethebaker,31:22:24,anti-vaccine,0,0,1,0,1,0,1
23,For generations my family THRIVED without vaccines. You're trying to convince me my children are somehow different? They'll be fine.,DontNeedNoVaccination.jpg,kittycatbakes,-7:11:23,anti-vaccine,0,1,1,1,1,1,1
24,"My heart is broken...... my son just turned 18, and BEHIND MY BACK got the toxic flu vaccine. How am I supposed to help him.....",RunFromShot.jpg,localewis,66:23:41,anti-vaccine,0,0,1,0,1,0,1
25,"I won't tell you how to parent, so you shouldn't tell me. How I raise my kids is none of your business!! Them not being vaccinated is OUR decision and I stand by it",OurFreedomOurChoice.jpeg,jupiterpride,4:17:24,anti-vaccine,0,1,1,1,1,1,1
26,"How can you tell me vaccines are safe?? Have you spent DAYS researching it like I have??? If you had, I bet you'd be on my side......",AntiVax3.jpg,breathe_in,45:11:12,anti-vaccine,0,1,1,1,1,1,1
27,I am SICK of doctors acting like they know what's better for MY OWN CHILDREN more than me. You expect me to just let you inject them with whataver those pharmaceutical companies want??? Absolutely not!!!,PushAwayNeedle.jpg,jackrussellmom,-12:15:00,anti-vaccine,0,1,1,1,1,1,1
28,"When given vaccines at a young age, children are robbed of the chance to practice building immunity on their own. You are setting up your child for illness down the road!!!",VaccinationACurse.jpg,lavenderrrrrr,53:21:39,anti-vaccine,0,1,1,1,1,1,1
29,"SEEKING ADVICE: My wife was vaccinated growing up (luckily no serious effects for her), and I just found out she plans on vaccinating our kids as well. I tried educating her, but she won't listen!!!! How can I convince my wife of the risks of vaccines even though she got lucky growing up with no reactions???",InjuryAndDeath.jpg,cavsforever,14:48:28,anti-vaccine,0,1,1,1,1,1,1
30,START PAYING ATTENTION: Some vaccines contain certain amounts of MERCURY. Don't let yourself be blindly injected!!,Apple.jpg,wiz_khaleesi,-22:37:00,anti-vaccine,0,0,1,0,1,0,1
31,Hi everyone! I've been hearing discussion of some effective natural alternatives to vaccines. Those chemicals aren't for me! üòÇ any recommendations??,Chemicals.jpeg,cavsforever,34:46:34,anti-vaccine,0,0,1,0,1,0,1
32,Can't wait for the day that my children thank me for letting them build a naturally strong immune system ü•∞ #antivaccine #motherknowsbest,ChildrenThanking.jpg,Sue_S,1:34:51,anti-vaccine,0,1,1,1,1,1,1
33,"My sister is a new mother, and she plans on vaccinating her children. I have tried subtle hints about the harmful effects, but it's like in one ear out the other with her. How did you all start conversations about not vaccinating??",BabyRisks.jpg,Ataylor,-13:41:00,anti-vaccine,0,0,1,0,1,0,1
34,"Doctors are just banking on luck! I know people who got sick the year they got the vaccines. Shots are a placebo at best, and severely harmful at worst!!!",NotEffective.jpg,Sue_S,25:16:19,anti-vaccine,0,0,1,0,1,0,1
35,It's the severe side effects for me...... #antivaccine üôÖ‚Äç‚ôÄÔ∏è,SideEffects.png,karenM,3:42:29,anti-vaccine,0,1,1,1,1,1,1
36,"My twins are two!!! You expect me to let you inject them with your ""vaccines""?? It's their health, they'll make that choice when they're old enough.",NoBabyVaccine.jpg,jake_turk,-11:21:39,anti-vaccine,0,0,1,0,1,0,1
37,Words cannot express how distraught I am. The LOOK the nurse gave me when I told her my children would not be getting their MMR shot. She tried to hide it but I could see. Stop the judgement! Vaccines aren't safe!!,BuildImmuneSystem.jpg,snowbird,55:03:15,anti-vaccine,0,1,1,1,1,1,1
38,"Plain and simple: Doctor gives you shot. You give money to big pharma. Big pharma pays doctor. Cycle continues. Sure, no conflict of interest there..........",VaccineFunction.jpg,difrad,-1:04:21,anti-vaccine,0,0,1,0,1,0,1
39,"ENOUGH!!! Every year right after my kid gets a vaccine they're sick for the next several days! I'm through, no more shots for them.",MyKidsMyChoice.jpg,M.Kapadia92,19:33:27,anti-vaccine,0,0,1,0,1,0,1
40,"My sister-in-law won't let me near her newborn because I won't get the flu vaccine. I am honestly so hurt, discriminating against your own family like this?? Anyone else had a similar experience?",WillNotLiveInFear.jpg,SnakeCharmer,30:37:18,anti-vaccine,0,1,1,1,1,1,1
41,"If you wouldn't eat it, why would you let yourself be injected with it?? Read the ingredients people, vaccines are NO GOOD.",VaccineIngredients4.jpg,livelaughlove,16:55:30,anti-vaccine,0,0,1,0,1,0,1
42,"The sheep will get what's coming for them.... When the vaccines eventually destroy your immune system, maybe then you'll learn.",Sheep.png,bblueberryy,35:19:36,anti-vaccine,0,0,1,0,1,0,1
43,"LIKE AND SHARE if you stand for a healthy, natural lifestyle for your kids ü•∞ üíâüö´üôÖ‚Äç‚ôÄÔ∏è #antivax #allnatural",Natural.jpg,ancho-n-cayenne,26:41:21,anti-vaccine,0,0,1,0,1,0,1
44,EVERY YEAR VACCINES CAUSE ILLNESS. DON'T PUT YOURSELF AT RISK. STOP VACCINATIONS.,TheMoreYouKnow.jpg,john73,-2:57:00,anti-vaccine,0,0,1,0,1,0,1
45,Are you gonna continue to let physicians profit off of stealing your natural immunity??? Stop being a sheep!! Stop vaccinating!!!!!,BigPharma4.jpeg,coachmatthews,21:23:17,anti-vaccine,0,0,1,0,1,0,1
46,Pretty sure medicine isn't supposed to hurt you..... the list of side effects for vaccines goes on and on!! Why would you choose this??,SideEffects2.jpg,NoahM1121,56:43:34,anti-vaccine,0,1,1,1,1,1,1
47,"If you have a problem with me not vaccinating my kids, don't let the door hit you on the way out üòò our body our choice ü•∞ vaccines AREN'T SAFE.",MyParentsChild.jpg,MannyDL34,10:44:02,anti-vaccine,0,0,1,0,1,0,1
48,NO MORE TOXIC VACCINES!!! WHO'S WITH ME???,NoVaccines.jpg,sweetpea,22:11:00,anti-vaccine,0,0,1,0,1,0,1
49,"Doctors don't have an incentive to tell me the truth. They have an incentive to distribute more vaccines, so they get more money from pharmaceutical companies. I know who I trust, do you?",RXMoney.jpg,mateoV,24:39:46,anti-vaccine,0,0,1,0,1,0,1
50,IN WHAT WORLD does a logical person think the solution to not catching a virus is injecting themselves with the virus?? I'll never understand vaxers......,InjectWithVirus.jpg,artisanalways,-4:41:00,anti-vaccine,0,0,1,0,1,0,1
51,Why do drug companies want us to be vaccinated so badly? It's all for the profit!!!!,money_drug_comps.jpeg,Jcole9,23:22:31,anti-vaccine,0,0,1,0,1,0,1
52,"My kids got the flu shot last year and were sick for a WEEK... Like hell if we're doing that again, vaccines ain't worth it!",sayNo.png,_aikira_,21:40:34,anti-vaccine,0,0,1,0,1,0,1
53,"Read these ingredients, look me in the eye, and tell me you think it's a good idea to inject it into your body ü§Æ",ingredients.png,fusionfeast,18:15:28,anti-vaccine,0,0,1,0,1,0,1
54,OUR BODY OUR CHOICE. NO VACCINES!!!!,mybody.png,lee.alexa,52:37:27,anti-vaccine,0,1,1,1,1,1,1
55,When the treatment side effects are worse than the disease........,danger.png,ria_camiii,-3:37:12,anti-vaccine,0,0,1,0,1,0,1
56,I'm all for natural vaccine alternatives. Who's with me??,fruit.png,caffeinated,2:11:39,anti-vaccine,0,1,1,1,1,1,1
57,"Why don't I vaccinate my kids? IMO, why not just expose them to the real thing? More natural, stronger immune system üí™",matrix.png,earthpulse,20:01:53,anti-vaccine,0,0,1,0,1,0,1
58,"LOOKING FOR ADVICE: How did y'all get your kids out of vaccines for school?? I know the risks, not putting them through that.",adviceNeeded.png,casssssssssie,36:21:53,anti-vaccine,0,1,1,1,1,1,1
59,"When people get vaccinated but get sick and die anyways, why would the rest of us bother?",forMe.png,breethebaker,27:12:34,anti-vaccine,0,0,1,0,1,0,1
60,Big Pharma: Don't let your kids get sick!!! Also Big Pharma: Here let us inject you with the disease you want immunity from,kidSheeple.png,kittycatbakes,-5:16:21,anti-vaccine,0,0,1,0,1,0,1
61,"Here's a hint: If you have chronic health issues, yet you continue to get the flu shot every year, you're probably missing something......",chronicIssues.png,localewis,17:52:22,anti-vaccine,0,1,1,1,1,1,1
62,Disease is a NECESSARY part of developing our children's immune systems!! Let them get sick! Vaccines make us WEAK,mudKids.png,jupiterpride,20:41:21,anti-vaccine,0,0,1,0,1,0,1
63,Boohoo!!!,boohoo.png,breathe_in,48:19:14,anti-vaccine,0,1,1,1,1,1,1
64,Your wellbeing is not your doctor's priority!!! They are funded by BIG PHARMA,doctorsPaid.png,jackrussellmom,23:48:14,anti-vaccine,0,0,1,0,1,0,1
65,DON'T RISK IT! VACCINES AREN'T SAFE!,dramaticIncrease.png,lavenderrrrrr,-7:49:00,anti-vaccine,0,0,1,0,1,0,1
66,"If you wouldn't want to eat or inhale it, why are you okay with it INJECTED IN YOUR BLOOD STREAM??",bloodstream,tastyrobot,9:39:36,anti-vaccine,0,0,1,0,1,0,1
67,Just found out my husband got his flu shot this year üò± AND HE GETS IT MOST YEARS APPARENTLY!! how can I convince him to stop??,shocked.png,wiz_khaleesi,43:51:17,anti-vaccine,0,1,1,1,1,1,1
68,"I'm not interested in your argument, I've done my research I know vaccines aren't worth the side effect risks. No vaccines for me!!!",research.png,cavsforever,-15:23:45,anti-vaccine,0,0,1,0,1,0,1
69,TIRED of doctors telling me they know what's best for my kids better than me..... your incentive is big pharma's money!!!!,inControl.png,tacoguy,40:13:15,anti-vaccine,0,1,1,1,1,1,1
70,One more time for the people in the back: VACCINESüëèAREüëèLINKEDüëèTOüëèAUTISM,autism.png,Ataylor,28:23:58,anti-vaccine,0,0,1,0,1,0,1
71,can't believe we live in a world where parents are more afraid of their kids getting the flu than they are of who knows what is in those shots.....,medicalTyranny.png,Sue_S,-6:13:00,anti-vaccine,0,0,1,0,1,0,1
72,Doctors are too often bribed by big pharma!! that's why they keep pushing those damn vaccines!! do what YOU think is best for YOU!,fdaApple.png,karenM,36:59:28,anti-vaccine,0,0,1,0,1,0,1
73,"I couldn't be healthier, and never once vaccinated! can't wait to do the same and insure a healthy, natural lifestyle for my kids üòä",ogFlu.png,jake_turk,13:21:25,anti-vaccine,0,0,1,0,1,0,1
74,today my daughter approached me and began this whole lecture on why she plans to vaccinate herself..... anyone had a similar issue? how can I convince her of the dangers?????,moms.png,snowbird,51:24:49,anti-vaccine,0,1,1,1,1,1,1
75,MY CHILDREN MY CHOICE! VACCINE MANDATES HAVE TO GO!,myChild.png,difrad,-22:02:00,anti-vaccine,0,0,1,0,1,0,1
76,"I am committed to not vaccinating. Unless you've done as much research as I have (which I doubt), I'm not interested in your ill-informed argument.",rules.png,M.Kapadia92,47:23:21,anti-vaccine,0,0,1,0,1,0,1
77,How are we supposed to know what's in our vaccines?? STOP being a sheep and START asking questions!!!,stopSheep.jpeg,SnakeCharmer,29:55:34,anti-vaccine,0,1,1,1,1,1,1
78,"With vaccines, we are making our children weaker!!! Their immune systems need to be able to fight illness on their own!",fakeNews.png,livelaughlove,11:13:20,anti-vaccine,0,1,1,1,1,1,1
79,Don't give in to big pharma!!! Push back on global vaccine rise!!!!,vaxxBus.png,bblueberryy,42:47:08,anti-vaccine,0,1,1,1,1,1,1
80,Want a list of toxins in vaccines?? It goes on and on.......,list.png,ancho-n-cayenne,17:31:14,anti-vaccine,0,0,1,0,1,0,1
81,"Hi all!! I'm compiling a list of natural alternatives to vaccines, gotta stand up against unnatural chemicals!! Anyone have suggestions to add?",elderberry.png,john73,-9:59:29,anti-vaccine,0,0,1,0,1,0,1
82,#ParentsForNaturalImmunity stop compromising your child's immune system! Stop vaccinating!!!,homeschooled.png,coachmatthews,45:47:56,anti-vaccine,0,0,1,0,1,0,1
83,It's been such a relief ever since I decided against injecting my kids with those vaccines!! Any advice on how to educate others on the benefits??,fdaApproved.png,NoahM1121,37:33:38,anti-vaccine,0,0,1,0,1,0,1
84,Say it with me: Vaccines! Are! All! Placebo! People who are vaccinated still end up getting sick all the time!,placebo.jpg,MannyDL34,58:18:34,anti-vaccine,0,0,1,0,1,0,1
85,"If the risk of treatment is worse than the disease, it's time to ask more questions. Stop vaccinating!!!",cure.png,sweetpea,-14:52:16,anti-vaccine,0,0,1,0,1,0,1
86,"I can't stand the thought of doctors making permanent decisions for our children under the age of 18, let alone our INFANTS. Think twice before vaccinating!!",sickKids.png,mateoV,46:23:37,anti-vaccine,0,0,1,0,1,0,1
87,It's time to stand up against judgy nurses. My choice not to vaccinate!! I don't wanna hear about it!!!,choicePoster.jpg,artisanalways,-21:29:00,anti-vaccine,0,0,1,0,1,0,1
88,Doctors are paid buckets by big pharma to distribute their vaccines to patients. Explain to me why I should believe getting the vaccine is absolutely critical to my health?,fear.png,Jcole9,49:48:29,anti-vaccine,0,0,1,0,1,0,1
89,"The ONE year my kids get vaccinated, they get the flu. I'm out! No more vaccinating for us!",vaccno.jpg,_aikira_,43:28:37,anti-vaccine,0,0,1,0,1,0,1
90,I am soooo sick of health choice discrimination. My friend won't let me near her kids cuz I don't wanna get the flu shot?? It's all ridiculous,fluBrownies.png,fusionfeast,57:08:21,anti-vaccine,0,1,1,1,1,1,1
91,Reading the ingredient list for common vaccines makes me SICK. Can't believe some people would just go along with being injected with this,spoon.png,lee.alexa,-13:14:28,anti-vaccine,0,0,1,0,1,0,1
92,The sheep will learn the hard way. Stop forced vaccines!!,simpons.png,ria_camiii,60:17:02,anti-vaccine,0,0,1,0,1,0,1
93,I stand for all-natural health. Do away with vaccines! Prioritize natural immunity!,natural.png,caffeinated,44:23:43,anti-vaccine,0,0,1,0,1,0,1
94,If there's any risk I'm not interested! Protect yourself from harmful injections! Stop vaccination!,noNeedles.png,earthpulse,58:52:38,anti-vaccine,0,1,1,1,1,1,1
95,Big pharma makes MILLIONS off of your complacency! Stop getting blindly vaccinated!!,profits.png,casssssssssie,37:10:48,anti-vaccine,0,1,1,1,1,1,1
96,"""This vaccine will keep you from getting this disease! (oh but here's some other side effects just ignore these)"" .......... üôÑ",effectsSide.png,breethebaker,62:29:18,anti-vaccine,0,0,1,0,1,0,1
97,"I don't really care about your thoughts on how I should parent. My kids WILL NOT BE VACCINATED, and unless you're interested in hearing about why yours shouldn't be either, let's not talk.",kidsChoice.png,kittycatbakes,6:52:23,anti-vaccine,0,1,1,1,1,1,1
98,STOP VACCINE MANDATES!!!,mandVacc.jpg,localewis,50:54:31,anti-vaccine,0,0,1,0,1,0,1
99,Big pharma can't be trusted! They profit off vaccine sales! Start saying no!!!,pharmaProfit.jpg,jupiterpride,64:28:17,anti-vaccine,0,0,1,0,1,0,1
100,All you sheep our here really just going along with being injected with a straight up VIRUS......,baa.png,breathe_in,58:07:12,anti-vaccine,0,0,1,0,1,0,1
101,Stop serving as a test subject for big pharma's profit! Resist vaccines!!!,guinea.png,jackrussellmom,60:58:21,anti-vaccine,0,0,1,0,1,0,1
102,"When there's a chance the vaccine itself will make you sick, why would you bother getting it? I'll never understand...",understand.png,lavenderrrrrr,46:34:56,anti-vaccine,0,0,1,0,1,0,1
103,There's a reason the ingredient list is in the fine print.... educate yourself on vaccines!!!!!,witches.png,tastyrobot,8:41:44,anti-vaccine,0,1,1,1,1,1,1
104,#MYCHILDRENMYCHOICE #STOPVACCINEMANDATES #ANTIVAX #NATURALIMMUNITY,babyToxic.png,wiz_khaleesi,59:47:27,anti-vaccine,0,0,1,0,1,0,1
105,"Given the choice between the known minor flu, or the unknown severe effects, why would you risk the unknown with a vaccine???",toxicFlu.png,cavsforever,69:41:33,anti-vaccine,0,0,1,0,1,0,1
106,#StudentsForNaturalImmunity reject vaccine toxins!!,justSayNo.png,tacoguy,-23:06:12,anti-vaccine,0,0,1,0,1,0,1
107,The extensive ingredient list of most vaccines is so unnecessary and makes the outcome so unpredictable!! I just can't justify it,fluCupcake.png,Ataylor,62:43:46,anti-vaccine,0,1,1,1,1,1,1
108,"Hi all! Anyone know how to opt children out of vaccines for school? Gotta get around that mandate, thanks!!",chinEmoji.png,Sue_S,71:34:21,anti-vaccine,0,0,1,0,1,0,1
109,"At best, vaccines make it a bit less likely that you'll be infected. Not much of a benefit given the KNOWN RISKS.......",riskChoice.png,karenM,5:29:04,anti-vaccine,0,1,1,1,1,1,1
110,Are you people serious??? You're literally being injected with WITH THE DISEASE you want immunity from....... you're asking to get sick!!!!,worse.png,jake_turk,61:36:24,anti-vaccine,0,0,1,0,1,0,1
111,"People get sick from vaccines all the time, and yet people continue to pretend all is fine üôÑ",monocle.png,snowbird,38:43:53,anti-vaccine,0,1,1,1,1,1,1
112,Stop depriving your children of the chance to build a naturally strong immune system! STOP VACCINES!,laws.png,difrad,67:35:18,anti-vaccine,0,1,1,1,1,1,1
113,It's RIDICULOUS how afraid some parents are of their children getting the flu...... stop hiding behind vaccines fr,noVacc.jpg,M.Kapadia92,12:18:34,anti-vaccine,0,0,1,0,1,0,1
114,REJECT VACCINES!,noVaxx.png,SnakeCharmer,63:09:18,anti-vaccine,0,0,1,0,1,0,1
115,"How many of you have actually read through this?? The list of side effects is nauseating. I bet if you did, you'd rethink vaccinating.......",fluSide.png,livelaughlove,70:45:21,anti-vaccine,0,0,1,0,1,0,1
116,"Keep your formaldehyde and mercury, I'll pass on the poison thanks üôÉ",toxicIngredients.png,bblueberryy,14:32:24,anti-vaccine,0,1,1,1,1,1,1
117,"I'm trying to educate my wife on the risks of vaccines, but she won't have it. Any advice on how I can keep her safe?",questionMark.png,M.Kapadia92,68:02:11,anti-vaccine,0,0,1,0,1,0,1
118,"To all my friends, I implore you to start doing some serious research on vaccines!!! Learn the ingredients, know the side effects! It's not worth it!!",learn_ingredients.png,john73,7:38:14,anti-vaccine,0,1,1,1,1,1,1
119,Me and my wife are the only two who know what's best for our kids! Stop the vaccine pressure!!!,ourChoice.png,snowbird,39:38:18,anti-vaccine,0,0,1,0,1,0,1
120,Give us transparency!!! We deserve to know ALL the effects of and what goes into vaccines!,chocolates.png,NoahM1121,-15:47:12,anti-vaccine,0,0,1,0,1,0,1
,Note: DO NOT CHANGE THE ID OF THE EXISITING POSTS WHEN CREATING THE NEW POSTS,,,,,0,,0,0,0,0,0
400,Everyone should form their own opinions based on available information & make their own health decisions. Problem occurs when people try to force their opinion on others.,gandhi.jpeg,difrad,-19:09:23,anti-vaccine,0,0,1,0,1,0,1
401,"Can everyone please understand that there are cons to every vaccines? NO VACCINES are safe, effective, or necessary.",vaccinecons.png,M.Kapadia92,30:59:33,anti-vaccine,0,0,1,0,1,0,1
402,"""Unfortunately a belief in the efficacy of vaccination has been so enforced in the education of the medical practitioner, that it is hardly probable that the futility of the practice will be generally acknowledged in our generation...""  Crookshank, M.B. (1889)",vectorinject.png,SnakeCharmer,43:33:23,anti-vaccine,0,0,1,0,1,0,1
403,"I keep searching for compelling evidence to support the vaccine, but research paints a different picture. There were many protests springing from evidence of their own eyes that vaccination didn't work and was causing disease.",antivaxactivists.jpg,livelaughlove,18:48:13,anti-vaccine,0,0,1,0,1,0,1
404,Five reasons I won't be taking the vaccine:,reasons.jpeg,bblueberryy,40:41:23,anti-vaccine,0,0,1,0,1,0,1
405,"I'm an anti-test subject. I'm also pro choice. My body, my choice. Simple",Antivaxshirt.jpg,ancho-n-cayenne,-14:23:14,anti-vaccine,0,0,1,0,1,0,1
406,I hate that pro vaccine ppl tryna shade those who are unsure / have their reservation.,vaccineprotests.jpg,john73,27:48:23,anti-vaccine,0,0,1,0,1,0,1
407,Around 400 people died due to COVID Vaccine. I surely don't trust it.,rats.png,coachmatthews,44:55:23,anti-vaccine,0,0,1,0,1,0,1
408,I will never allow that poison into my body. This concoction was never properly tested. That's a hard pass for me.,poisoninjection.jpg,NoahM1121,-11:51:29,anti-vaccine,0,0,1,0,1,0,1
409,I'm not getting Johnson and Johnson vaccine. That's like injecting a baby powder into your body.,babypowder.jpg,MannyDL34,56:38:22,anti-vaccine,0,0,1,0,1,0,1
410,"All I'm saying is my grandpa died 24 hrs after his second covid vaccine. Immediately started showing symptoms, escalated, and killed him. pls do more research abt the ingredients of the vaccine",vaccinepic.jpg,sweetpea,9:07:12,anti-vaccine,0,0,1,0,1,0,1
411,Mannn I'm reluctant to take this COVID vaccine. I don't even know why üòî,needle.jpeg,mateoV,42:08:23,anti-vaccine,0,0,1,0,1,0,1
412,"I don't care who hears it. I will NOT be having this vaccine OR any vaccine EVER. Shoot me down and call me anti vax, I couldn't give a flying fiddle",sayno.jpg,artisanalways,-16:07:45,anti-vaccine,0,0,1,0,1,0,1
413,<<study suggest anti-SARS-CoV-2 antibodies could exacerbate COVID19 through antibody-dependent enhancement; previous respiratory syncytial virus vaccine studies reveal human safety risks>>,viruspic.jpeg,Jcole9,53:43:23,anti-vaccine,0,0,1,0,1,0,1
414,Everyone should have freedom of choice not to have an experimental vaccine injected in them and not be pressured into having something they don't want. Society is divided enough already!,Freedomofchoice.jpeg,_aikira_,-13:27:14,anti-vaccine,0,0,1,0,1,0,1
415,Medicos warned against promoting Covid-19 üíâ read it here:,medico.jpeg,fusionfeast,50:06:34,anti-vaccine,0,0,1,0,1,0,1
416,"Define 'Anti-vaxxer?' Believe it or not, there are many people who have legitimate concerns about these new ones.",adverseevent.png,lee.alexa,-6:21:22,anti-vaccine,0,0,1,0,1,0,1
417,"This is what happens to mothers after their child dies from a vaccine, or is disabled. Not only do they have a dead or disabled child, but they are also gaslighted and bullied, as an anti vaxxer",sadmother.jpg,ria_camiii,48:04:12,anti-vaccine,0,0,1,0,1,0,1
418,"Another COVID-19 vaccine death.... üò¢ Dr. Witold Rogiewicz, RIP. Died few days after receiving his second dose of COVID vaccine. He was known online for encouraging vaccine-taking and criticizing anti-vaccine movement",deaddoc.jpeg,caffeinated,1:08:23,anti-vaccine,0,0,1,0,1,0,1
419,"I'm genuinely concerned about the speed of how this covid vaccine is all pushed out. I mean, how will I know if these will not kill me.",approvedvacs.jpg,earthpulse,54:49:23,anti-vaccine,0,0,1,0,1,0,1
420,Yah so it took a year to develop a covid vaccine but it took decades to make a flu vaccine... that's convinient,cancer_vaccine.png,casssssssssie,-20:53:33,anti-vaccine,0,0,1,0,1,0,1
421,"If 99.7% of people recover from COVID, then why do we need a vaccine?? Isn't it obvious it's just for big pharma to make money!",recovery.jpeg,breethebaker,51:55:32,anti-vaccine,0,0,1,0,1,0,1
422,"I feel horrible but what did they expect? The covid vaccine is an EXPERIMENTAL vaccine. Please stay alert, everyone. ",miscarriage.png,kittycatbakes,7:13:24,anti-vaccine,0,0,1,0,1,0,1
423,"48,742 people die each day from cardivovascular diseases, 26,181 die from cancer, 3,406 from road injuries. But yes, let's shut down the entire country and vaccinate everyone because of the covid. Clearly there is something else going on! ",eachDay.png,localewis,15:47:23,anti-vaccine,0,0,1,0,1,0,1
424,I DO NOT CONSENT. Fight the fake news. Covid is NOT real. ,tyranny.png,jupiterpride,-3:05:12,anti-vaccine,0,0,1,0,1,0,1
425,It's news like this that the media tries to hide. So we have to fight back and spread the truth! If the COVID vaccine is safe then why did the nurse faint??,passesOut.png,breathe_in,24:03:12,anti-vaccine,0,0,1,0,1,0,1
426,Do not take the astra zeneca covid vaccine!! Stay vigilant and informed... especially when Bill Gates is involved.,astrazeneca.png,jackrussellmom,12:51:23,anti-vaccine,0,0,1,0,1,0,1
427,If you want to know the REAL covid vaccine death numbers then go on this website!! STOP VACCINE DISTRIBUTION NOW!,deathNumbers.png,lavenderrrrrr,-17:36:22,anti-vaccine,0,0,1,0,1,0,1
428,Tell me vaccines are mandatory without telling me they are,mandatory.png,tastyrobot,57:50:23,anti-vaccine,0,0,1,0,1,0,1
429,"If vaccines are so great, why do you still have to do everything as if you weren't vaccinated?",soGreat.png,wiz_khaleesi,15:03:23,anti-vaccine,0,0,1,0,1,0,1
430,Spacing out vaccines is like spacing out poison! Vaccines are dangerous no matter how slowly you get them.,poison.png,cavsforever,41:01:23,anti-vaccine,0,0,1,0,1,0,1
431,lolololol trueeee üòÇüòÇüòÇ,jokes.png,tacoguy,10:28:37,anti-vaccine,0,0,1,0,1,0,1
432,Don't let your children's schools force you to vaccinate them!! That's not consitutional! Vaccinations are not required for school1! spread the word! ,not_required.png,Ataylor,61:08:33,anti-vaccine,0,0,1,0,1,0,1
433,mmm yeah people don't want any e.coli in their food but are more than happy to inject it into their bloodstreams!!,lettuce.png,Sue_S,34:17:23,anti-vaccine,0,0,1,0,1,0,1
434,I am against vaccination because of research. You're getting vacinnated because big pharma made you afraid!,fear2.png,karenM,-21:09:22,anti-vaccine,0,0,1,0,1,0,1
435,"We don't need vaccinations, why? BECAUSE WE HAVE IMMUNE SYSTEMS. Stop vaccinating and take advantage of natural immunity! ",nat_immun.png,jake_turk,63:01:23,anti-vaccine,0,0,1,0,1,0,1
436,I don't vaccinate out of love and peace for my family! Don't let the fear control you.,peace.png,snowbird,11:39:21,anti-vaccine,0,0,1,0,1,0,1
437,I'm sure it's just a coincidence and not a money/power hungry plan by big pharma üôÑ C'mon folks! ,magical. png,difrad,38:24:12,anti-vaccine,0,0,1,0,1,0,1
438,This!! Pro vaxxers manipulate the truth to fit their story. But it's obvious! VACCINES CAUSE AUTISM! ,correlation.png,M.Kapadia92,16:26:21,anti-vaccine,0,0,1,0,1,0,1
439,Increase in fetal death is one of MANY side effects of the flu vaccine. Do not trust the CDC with you or your baby's health!,cdcFailed.png,SnakeCharmer,65:49:23,anti-vaccine,0,0,1,0,1,0,1
,,,,,,0,,0,0,0,0,0
121,"Toured a new house today, think this might be the one! Imagining myself sitting on that porch with a cup of coffee.",new_house.jpg,difrad,-20:56:02,control,1,1,1,1,1,1,1
122,"Lunch for today, yum! Didn't even use a recipe.",lunch.png,M.Kapadia92,-2:30:29,control,1,1,1,1,1,1,1
123,Look at our new dog!! So cute!,dog.png,SnakeCharmer,-7:51:08,control,1,1,1,1,1,1,1
124,only these two could make a target run so much fun ü§£,cats.png,bblueberryy,-9:26:32,control,1,1,1,1,1,1,1
125,Can't believe we got the beach to ourselves today!,,livelaughlove,-14:46:05,control,1,1,1,1,1,1,1
126,Happy birthday to my sleepy kitty üíï,,ancho-n-cayenne,-1:48:08,control,1,1,1,1,1,1,1
127,"Throwback to Alex's first band recital! You've grown up so much my little trumpeteer, so proud of you.",recital.png,fgonzalez,-7:21:28,control,1,1,1,1,1,1,1
128,"Three hour hike, but the view was totally worth it. This picture doesn't even do it justice.",pa_grand_canyon.jpg,sweetpea,-19:48:53,control,1,1,1,1,1,1,1
129, Remembering Christmas '89,80s_xmas.png,Sue_S,-16:36:03,control,1,1,1,1,1,1,1
130, The best bake shop in town!,bakery_shop.jpg,Jcole9,-3:37:14,control,1,1,1,1,1,1,1
131,"Another warm day, hope it chills out soon!",sunset.png,ria_camiii,-7:14:21,control,1,1,0,1,0,1,0
132,Who remembers old Brocatoes ??? Still there but priced higher than before!,brocatos.png,TomM41,-13:01:13,control,1,1,0,1,0,1,0
133,You want to see architectural beauty? Look no further than our lovely churches!,church.png,TimBJenkins,-4:00:04,control,1,1,0,1,0,1,0
134,fishing with my daughter. look at her go!,fishing.png,B.Mike,-8:33:05,control,1,1,0,1,0,1,0
135,"Missing nights like these, can't wait to get back out there. Until then, cheers to you all from here!",bar.png,HP743,-16:42:34,control,1,1,0,1,0,1,0
136,Nothing like a walk with the dog,dogwalk.png,Lisa181818,-16:00:48,control,1,1,0,1,0,1,0
137,Just decorated! The lights make all the difference.,room.png,dana84,-5:51:12,control,1,1,0,1,0,1,0
138,lovely view from up here!,balcony.png,john73,-21:21:56,control,1,1,0,1,0,1,0
139,Look at the photo I just found! Such great memories #tbt,oldpark.png,coachmatthews,-13:03:04,control,1,1,0,1,0,1,0
140,Can't wait to go to one of these shows again!,concert.png,NoahM1121,-17:25:06,control,1,1,0,1,0,1,0
141,Visited my old school today. So nostalgic! Thought it made a nice picture too.,oldschool.png,MannyDL34,-20:25:13,control,1,1,0,1,0,1,0
142,Does anyone have a truck I can borrow to take this to the dump? Or take it off my hands if you've got some use for it.,cabinet.png,mateoV,-8:32:22,control,1,1,0,1,0,1,0
143,Just finished rereading this. One of my favorite series!,book.png,sweetpea,-17:28:59,control,1,1,0,1,0,1,0
144,"Hey everyone! been a while since I posted, lol",selfie.png,localewis,-14:03:39,control,1,1,0,1,0,1,0
145,UGH! I dropped my phone and now it has a huge crack in it. :(,brokephone.png,artisanalways,-11:56:59,control,1,1,0,1,0,1,0
146,"For some reason I just felt like reading this today, it was one of my favorite books as a kid. And it was very refreshing!",book2.png,_aikira_,-7:33:49,control,1,1,0,1,0,1,0
147,"Lovely outing this weekend on my bikeride, enjoyed every minute of it!",bike.png,lee.alexa,-17:32:25,control,1,1,0,1,0,1,0
148,"No wonder this place is a historical site! It was fun to explore, and on such a nice day, too!",history.png,fusionfeast,-18:53:06,control,1,1,0,1,0,1,0
149,"Hard to believe we've been dating for so long, but today marks 2 years!",couple.png,breathe_in,-5:49:25,control,1,1,0,1,0,1,0
150,omg why is this actually me right now... OOF,meme2.png,ria_camiii,-4:35:31,control,1,1,0,1,0,1,0
151,"My son just graduated, so proud!",graduation.png,Sue_S,-13:33:20,control,1,1,0,1,0,1,0
152,"We made it, finally!",trip.png,caffeinated,-11:44:29,control,1,1,0,1,0,1,0
153,"If anyone has seen my dog, pictured below, PLEASE contact me with any information! thank you!",lostdog.png,earthpulse,-3:52:04,control,1,1,0,1,0,1,0
154,"Found a dog on the corner of 4th and main street, collar says ""Champ"", still had a leash on, too.",founddog.png,casssssssssie,-14:47:29,control,1,1,0,1,0,1,0
155,"My dog just gave birth to a liter of puppies, we can't keep all of them so if you would like to adopt, please message me! They'll grow up to be just as cute as their momma!",dog2.png,breethebaker,-20:19:53,control,1,1,0,1,0,1,0
156,"Our pet store will be hosting a kitten adoption this Saturday starting at 11:00am, please come by if you are in need of a new furry friend!",cat2.png,kittycatbakes,-7:13:04,control,1,1,0,1,0,1,0
157,Trying out my new fire pit - toasty smores here we come!,firepit.png,localewis,-4:48:36,control,1,1,0,1,0,1,0
158,"Went out to dinner last Friday with my friends, great time with great food!",restaurant3.png,jupiterpride,-13:18:18,control,1,1,0,1,0,1,0
159,"Loving my ""new"" classic car, its been quite the project, but definitely worth it!",oldcar.png,jackrussellmom,-18:19:09,control,1,1,0,1,0,1,0
160,"Amazing waterfall just in our local state park, and the drive wasn't bad at all. how did I not know about this!",waterfall.png,lavenderrrrrr,-9:40:38,control,1,1,0,1,0,1,0
161,"Took the kids to the science museum downtown today, they had a great time and it was cheap too!",museum.png,cavsforever,-7:10:44,control,1,1,0,1,0,1,0
162,Nothing like hot chicken noodle soup on a cold day!,soup.png,tastyrobot,-19:13:15,control,1,1,0,1,0,1,0
163,"Deep flooding on JFK BLVD after the storm last night, stay  safe and don't try to cross it if you cant handle it!",flood.png,wiz_khaleesi,-13:59:31,control,1,1,0,1,0,1,0
164,My son made it in his school paper so proud!,schoolpaper.jpg,hockeymom101,-1:43:47,control,1,1,0,1,0,1,0
165,"My wife's great grandparents built this house in 1932, her grandparents lived here for many years and now we are too!",old_house.png,tacoguy,-11:01:32,control,1,1,0,1,0,1,0
166,"My son just got his first Highschool job this weekend at the grocery store, look what he got caught doing to help this old gentleman out! Guess a coworker snapped a photo of his good deed!",grocer_kindness.jpg,Ataylor,-20:57:03,control,1,1,0,1,0,1,0
167,Hillsborough High School Choir and Orchestra During  a Christmas Celebration in the 1950‚Äôs. Photo from the USF Digital Library.,choir.png,karenM,-1:11:03,control,1,1,0,1,0,1,0
168,HOW MANY OF YOU WENT TO THE RACES DURING THE STATE FAIR LATE 40'S AND EARLY 50'S MY DAD TOOK ME MY VERY FIRST RACES,old_race.png,TomM41,-9:05:49,control,1,1,0,1,0,1,0
169,"Good Morning, cupcakes! We‚Äôre kicking off Tender Wisdom Tuesday with this sweet-as-sugar comment from our tender friend Joan. Thank you so much, dear Joan, for the smiles this morning. All of your comments, tender ones, have been extra wonderful lately. Keep ‚Äòem comin‚Äô! I love putting YOUR wise words on my Tender Wisdom Tuesday posts!! Have a terrific day, dear hearts! xoxo",nicewords.png,BeardedMatt,-12:22:15,control,1,1,0,1,0,1,0
170,"Anyone else have a resolution??? So far this hasn't been going great, but I guess we've got the rest of the year, right?",craftresolution.png,MedicalRyan,-2:54:52,control,1,1,0,1,0,1,0
171,Who else does this ALL THE TIME? LOL! #thisis50,forgetful.png,Lisa181818,14:42:57,control,1,1,1,1,1,1,1
172,TRUE!!!! People these days need to learn to put the screen down for a minute or two.,cellphone.png,this_jack,11:16:56,control,1,1,1,1,1,1,1
173,10 FUN FACTS - SHARE WITH YOUR FRIENDS TO SPREAD THE FUN,10funfacts.png,PatelS,2:24:18,control,1,1,1,1,1,1,1
174,I really can! LOL who else can relate?,knee.png,DonDonDonna,5:26:54,control,1,1,1,1,1,1,1
175,The best medicine!,laugh.png,EmmaSmith0214,11:01:09,control,1,1,1,1,1,1,1
176,take it or leave it!,takeitorleaveit.png,B.Mike,22:49:59,control,1,1,1,1,1,1,1
177,Just Trust me on this one!,Atmyage.png,mariaann,5:57:20,control,1,1,1,1,1,1,1
178,LOL I'm going to start using this!,memes.png,thisisalfie1998,12:46:00,control,1,1,1,1,1,1,1
179,This is your sign to get off your device and go to sleep! üí§üò¥,sleep.jpg,KatieeeM,2:45:56,control,1,1,1,1,1,1,1
180,new workout plan!,treadmill.jpg,TimBJenkins,0:14:18,control,1,1,1,1,1,1,1
181,Who misses the simplicity of rotary phones?,rotaryphone.png,fgonzalez,13:13:15,control,1,1,1,1,1,1,1
182,"And now the same thing happened with the new movies. Star Wars is really a cross generational phenomenon, what a great franchise.",starwars.jpg,jiruletheworld,7:53:01,control,1,1,0,1,0,1,0
183,Hysterical ! Credit To Artist.. Remember ~ It's Just A Joke Please,bears.jpg,ayoitsayo,23:28:21,control,1,1,0,1,0,1,0
184,"new years resolution starts, tomorrow lol!",diet.jpg,sweetietooth,5:47:23,control,1,1,0,1,0,1,0
185,"Found this on Pinterest and it was just too funny, had to post it here!",chocccake.jpg,dana84,20:04:49,control,1,1,0,1,0,1,0
186,Be Sure To Wear Some Flowers In Your Hair,flowerdog.jpg,lucyinurdreams,2:40:37,control,1,1,0,1,0,1,0
187,Really starting to think I have an obsession with school supplies...,highlighters.jpeg,chefricky,3:13:02,control,1,1,0,1,0,1,0
188,good morning what a view! loving this vacation,view.jpeg,clayton.myers,20:01:26,control,1,1,0,1,0,1,0
189,Snow much fun to make these with your kids. ‚òÉÔ∏è,snowmancraft.png,aleeboi,5:07:53,control,1,1,0,1,0,1,0
190,"Look, I held a crab today! It was kind of gross but overall really cool!",crab.jpeg,mewranda,18:16:22,control,1,1,0,1,0,1,0
191,"Decided to have a pancake brunch today with the girls, yum!",pancakes.jpeg,masterchefterry,21:05:43,control,1,1,0,1,0,1,0
192,"Yes, we did get all dressed up just to take cute pictures on the beach, what about it?",beack_walk.jpeg,gwenfromtheblock,5:25:18,control,1,1,0,1,0,1,0
193,"move out day, sad but excited to go!",move.png,fgonzalez,11:17:33,control,1,1,0,1,0,1,0
194,"Grillin up dinner, nobody makes burgers like Don",grillmaster.jpg,JuniperQ,10:02:13,control,1,1,0,1,0,1,0
195,favorite song by far! any other Black Sabbath fans on here?,album1.png,VitaBOCA,15:02:46,control,1,1,0,1,0,1,0
196,"Saturday is cupcake day! tried a new recipe today, totally worth the effort!",cupcakes.jpg,EZpz,0:47:07,control,1,1,0,1,0,1,0
197,"Snapped a candid, hopefully they won't get mad at me for taking this! I had such a fun night with you guys, I missed you!",friends_in_chairs.jpg,masterchefterry,14:55:38,control,1,1,0,1,0,1,0
198,appreciation post for this good boy!! love this dog,black_lab.jpeg,MrShazam,7:40:34,control,1,1,0,1,0,1,0
199,"Just a little art project I've been working on! I tried watercolor pencils for the first time and now I am HOOKED. Never going back to regular watercolors, these are so much easier to use!",art_project.jpeg,csmbx1,21:00:11,control,1,1,0,1,0,1,0
200,"Went pumpkin picking this weekend with my family, i can't wait to carve mine",pumpkins.jpeg,mewranda,3:53:19,control,1,1,0,1,0,1,0
201,"New car, thanks mom! (it's my first car, so I don't need anything fancy, lol)",new_car.jpg,SnakeCharmer,6:00:19,control,1,1,0,1,0,1,0
202,"Long car ride today, but I made it back home before midnight, so I consider that a win.",drive.png,difrad,5:43:57,control,1,1,0,1,0,1,0
203,beautifully restored table check it out!,table.jpg,M.Kapadia92,11:39:40,control,1,1,0,1,0,1,0
204,Want to make money at home as you're own boss? CLICK HERE,pyramid_scheme.jpg,livelaughlove,15:18:40,control,1,1,0,1,0,1,0
205,love this place i could wander around here for hours,art_museum.jpg,bblueberryy,17:47:58,control,1,1,0,1,0,1,0
206,CHECK OUT THIS COOL BIRD I SAW IN OUR BIRD FEEDER TODAY.,bird_feeder.jpeg,ancho-n-cayenne,17:56:11,control,1,1,0,1,0,1,0
207,sent these girlies off to camp today i know they will have a fun week,camp.jpeg,john73,2:00:59,control,1,1,0,1,0,1,0
208,been building this deck for weeks finally done.,deck.jpg,coachmatthews,11:24:44,control,1,1,0,1,0,1,0
209,"Just got accepted for a new job and higher wage! Goodbye cubicle, hello OFFICE!!",cubicle.jpg,NoahM1121,9:22:27,control,1,1,0,1,0,1,0
210,She said yes! Be on the lookout for a save the date coming in the mail!,engagement.jpg,MannyDL34,18:48:45,control,1,1,0,1,0,1,0
211,"OK, maybe I am too obsessed with this game, but look at my new high score! I think I could get it even higher next time, there's a trick to it.",2048.jpg,sweetpea,19:27:29,control,1,1,0,1,0,1,0
212,"visiting my parents over the weekend, good to see them!",elderly_couple.jpg,mateoV,21:12:56,control,1,1,0,1,0,1,0
213,"Hi all, my band will be performing tonight, it would really mean a lot if you guys could come out and support us, thanks!",garage_band.jpg,artisanalways,14:35:53,control,1,1,0,1,0,1,0
214,Looking for someone to help me out with a project this weekend shoot me a dm.,project.jpg,Jcole9,21:36:45,control,1,1,0,1,0,1,0
215,I hate Apple Bee's worst meal of my life,applebees.jpg,_aikira_,0:32:54,control,1,1,0,1,0,1,0
216,"If someone were to make a movie about your life, what actor would you want to play you?",actor_question.jpg,fusionfeast,4:31:17,control,1,1,0,1,0,1,0
217,"I will be teaching a free CPR course this weekend from 12:00pm to 3:00pm, attendence is free so please drop by!",cpr.jpg,lee.alexa,3:40:11,control,1,1,0,1,0,1,0
218,"Its so cold out, but the snow is so pretty, worthy trade if you ask me!",snow.jpg,ria_camiii,3:04:39,control,1,1,0,1,0,1,0
219,"Mom let me practice some of my photography with her today, isn't she a great model? Thanks Mom!",mom_photoshoot.jpg,caffeinated,18:45:25,control,1,1,0,1,0,1,0
220,Our familiy went on a little adventure this weekend! We're a bunch of explorers!,exploring.jpeg,lavenderrrrrr,2:52:06,control,1,1,0,1,0,1,0
221,So glad I bought tickets for the game this weekend! The view is great!,sportsball.jpg,earthpulse,9:07:34,control,1,1,0,1,0,1,0
222,"Happy anniversary, honey! Here's to many more sunsets ‚ù§Ô∏è",couple_anniversary.jpg,cavsforever,37:16:54,control,1,1,1,1,1,1,1
223,"Look, Claire wanted to match her sister today, so cute!",kiddos.jpg,breethebaker,41:05:24,control,1,1,1,1,1,1,1
224,"My Niece Allison is in the hospital right now, unexpected health problems, please send any well wishes or prayers!",sick_kid.jpg,kittycatbakes,31:51:37,control,1,1,1,1,1,1,1
225,"NEW SONG DROPPING ON SOUNDCLOUD THIS WEEKEND, BE READY!! ",soundcloud.jpg,localewis,24:15:08,control,1,1,1,1,1,1,1
226,"My grandmother shared this AWESOME apple pie recipe with me last week, finally had time over the weekend to try it out, and it was amazing!",apple_pie.jpg,jupiterpride,33:28:23,control,1,1,1,1,1,1,1
227,Do you LOVE jewelry? Do you want to make a few extra bucks doing something you love? Join me and #PureBeadJewels to get new accessories and some extra cash!,jewelry.jpg,breathe_in,30:38:33,control,1,1,1,1,1,1,1
228,"Finally got a new haircut over the weekend, I think it looks nice, does it?",haircut.jpg,jackrussellmom,29:41:03,control,1,1,1,1,1,1,1
229,"Got this great wine for only 20$. Mina Mesa Cabernet Sauvignon, definitely underated!",wine.jpeg,tastyrobot,25:27:47,control,1,1,1,1,1,1,1
230,"They thought the view was pretty, I thought they were all pretter, LOL",taking_photos.jpg,wiz_khaleesi,24:37:52,control,1,1,1,1,1,1,1
231,I love yoga because it heals my body and my soul. It helps me get through the craziness of life and reminds me to take care of myself.,yoga.jpg,karenM,38:57:39,control,1,1,1,1,1,1,1
232,Thank you all for a wonderful party! Always great to see old friends again.,friends_party.jpg,tacoguy,29:40:39,control,1,1,0,1,0,1,0
233,Can't wait for summer with my girls again! I'm so tired of this cold weather!,summer_kids.jpg,Ataylor,43:43:02,control,1,1,0,1,0,1,0
234,Question for book lovers out there! Is there any difference between the book list of Amazon Prime and Kindle Unlimited? I can't seem to find any authors I enjoy on Prime so I'm considering Kindle Unlimited.,kindle.jpg,jake_turk,24:43:51,control,1,1,0,1,0,1,0
235,It's hard to believe Lanie is already a senior in high school! Wow! I am so proud of her!,senior_photo.jpg,hockeymom101,25:43:37,control,1,1,0,1,0,1,0
236,"I may not like waking up early, but I do love playing fetch with Rocko!",fetch.jpg,snowbird,40:40:18,control,1,1,0,1,0,1,0
237,"Huge sale this weekend at my friends boutique, come find something you like!",boutique.jpg,youngcunningham,43:53:43,control,1,1,0,1,0,1,0
238,Anyone have any good movies to watch this weekend? I'm bored an a movie night sounds fun!,netflix.jpg,generic-joe,44:34:39,control,1,1,0,1,0,1,0
239,I Can't Wait for the Weather to get warm agan so I can go Golfing again,golfing.jpg,Smitty12,42:56:32,control,1,1,0,1,0,1,0
240,"Emily has been rocking the shades since '99, LOL #throwback #tbt",throwback.jpeg,BossmanRy,46:03:29,control,1,1,0,1,0,1,0
241,Hopefully these new study materials will help motivate me to actually study...,studying.jpg,HP743,36:58:46,control,1,1,0,1,0,1,0
242,"Look who I found in our yard tonight, OMG it was so close to our house!!",deer.jpg,Marcymaniac,38:55:49,control,1,1,0,1,0,1,0
243,Nothing beats taking a road trip with your best friends üòé ,roadtrip.jpeg,southerngirlCel,46:34:01,control,1,1,0,1,0,1,0
244,"You know it's going to be a good concert when even the warmup sounds beautiful! I had such a good time tonight, thanks for going with me Mom!",orchestra.jpeg,BossmanRy,37:57:18,control,1,1,0,1,0,1,0
245,Look at these hand sanitizers I found at the store today üòÇüòÇ I thought they were so funny! Too bad I couldn't buy I all of them LOL,hand_sanitizer.jpeg,TomM41,25:32:45,control,1,1,0,1,0,1,0
246,"Ebooks are okay, but nothing beats the library in my book! (get it?)",library.jpeg,BeardedMatt,42:02:32,control,1,1,0,1,0,1,0
247,"Alex and I went and got new-to-us bikes today. The warehouse where they kept them was super messy, but I thought it looked interesting. And I'm excited to ride my new bike!",new_bike.jpeg,Lisa181818,47:30:29,control,1,1,0,1,0,1,0
248,"I saw these GORGEOUS flowers on my walk this morning. I just had to get a picture! Remember to stop and smell the roses. Well, these aren't roses, but you know what I mean!",flowers.jpeg,PatelS,38:16:19,control,1,1,0,1,0,1,0
249,"It's always a blessing to spend time with family, especially when you get good food, too!",family_brunch.jpeg,this_jack,42:49:27,control,1,1,0,1,0,1,0
250,Got up early this morning to go on a hike. Look at those beautiful fall colors!,fall_hike.jpeg,DonDonDonna,30:38:34,control,1,1,0,1,0,1,0
251,Getting my daily dose of Vitamin Sea üåäüåä,ocean_swim.jpeg,EmmaSmith0214,42:33:56,control,1,1,0,1,0,1,0
252,"I always think the yellow leaves are the prettiest fall leaves, who else agrees with me?",yellow_leaves.jpeg,B.Mike,41:25:31,control,1,1,0,1,0,1,0
253,"that feeling when you have to write in two bars of your music by hand, lol",music.jpeg,mariaann,27:38:12,control,1,1,0,1,0,1,0
254,"Had a lovely coffee date today, thanks for treating me Patrick! It was great to catch up.",coffee_date.jpeg,KatieeeM,29:32:27,control,1,1,0,1,0,1,0
255,Isn't there a famous painting that looks just like this picture I took at the lake...? haha,lily_pads.jpeg,TimBJenkins,33:32:56,control,1,1,0,1,0,1,0
256,"Can you believe this is the first time I've tried putting blueberries in my pancakes?? I normally go for chocolate chips, but this was SO GOOD!",blueberry_panckaes.jpeg,jiruletheworld,33:59:11,control,1,1,0,1,0,1,0
257,"Check out the new project i've been working on! I'm hand crocheting a bunch of old T-shirts together to make a rug. If you have WAY too many old T-shirts laying around, I definitely recommend this craft! It's not as hard as it looks, and you can look up how to do it online!",tshirt_rug.jpeg,dana84,28:30:05,control,1,1,0,1,0,1,0
258,love my city üíïüíï It's good to be home,city.jpg,ayoitsayo,37:54:50,control,1,1,0,1,0,1,0
259,"I was painting all day but I kind of like this photo of my brushes more than the actual painting I was working on, LOL",paintbrushes.jpg,sweetietooth,27:06:02,control,1,1,0,1,0,1,0
260,"We are repainting our bathroom and we are thinking about that top color, the lighter one. What does everyone think?",color_samples.jpg,lucyinurdreams,29:49:03,control,1,1,0,1,0,1,0
261,"I Love going to car shows, check out this classic El Camino I got to see today!",classic_car.jpg,chefricky,37:52:52,control,1,1,0,1,0,1,0
262,I love looking out the window and seeing my kid playing basketball outside! Kids these days spend too much time on their technology.,playing_basketball.jpg,fgonzalez,32:00:48,control,1,1,0,1,0,1,0
263,"Somtimes i look at my friends and think to myself, ""where did I meet these crazy people"" But then I think, ""what would i do without them""",friend_group.png,clayton.myers,32:50:55,control,1,1,0,1,0,1,0
264,Running is even better when you get a view like this.,run_view.jpg,aleeboi,29:16:04,control,1,1,0,1,0,1,0
265,"LOL so true ,this house never stays clean no matter how much work I do!",clean_sign.jpg,mewranda,38:02:06,control,1,1,0,1,0,1,0
266,"Kristen is CRAZY, lol! We always have so much fun together!",wild_fries.jpg,gwenfromtheblock,24:24:01,control,1,1,0,1,0,1,0
267,"went on an adventure with the boys last night, got some cool pics",skater_boi.jpg,masterchefterry,47:21:29,control,1,1,0,1,0,1,0
268,WHO ELSE LOVES ROLLERCOASTERS???,rollercoaster.jpg,difrad,39:47:08,control,1,1,0,1,0,1,0
269,"I'm going to be honest, I didn't take this picture, I found it online HAHA. But I WISH I had these seats! Go Yankees!",yankees.jpg,M.Kapadia92,33:07:40,control,1,1,0,1,0,1,0
270,"The sky was SO pretty tonight. It kinda looks like cotton candy, doesn't it?",pretty_sky.jpeg,SnakeCharmer,34:58:52,control,1,1,0,1,0,1,0
271,silly photoshoots with your best friends are the best thing ever,friends_photoshoot.jpg,livelaughlove,41:55:12,control,1,1,0,1,0,1,0
272,Happy Birthday Ashley! Hope 24 treats you well!,group_picture.jpg,bblueberryy,71:01:45,control,1,1,1,1,1,1,1
273,CHECK IT OUT I got to see a real racing car today! For some reason they wouldn't let me drive it...,racecar.jpg,ancho-n-cayenne,60:02:02,control,1,1,1,1,1,1,1
274,Come see my theater groups production of Singing in the Rain this weekend!,theater.jpg,john73,64:17:05,control,1,1,1,1,1,1,1
275,"Amanda let me do some experimental makeup on her today, and I really liked the result!",makeup_art.jpg,coachmatthews,66:49:44,control,1,1,1,1,1,1,1
276,Start the New Year out right with a new planner!,journal.jpg,NoahM1121,53:09:35,control,1,1,1,1,1,1,1
277,"I know it's really late, but I just got my first passport! I've never traveled out of the country before (crazy, I know)! I'm looking forward to using it üòä",passport.jpg,MannyDL34,49:51:00,control,1,1,1,1,1,1,1
278,Anyone else have WAY too many notebooks? And alot of them are totally blank? I just keep seeing ones that I like and I can't help it!,notebooks.jpg,sweetpea,56:48:58,control,1,1,1,1,1,1,1
279,when this pot comes out... you know youre gonna be eating the exact same thing for the next 3 days!,slow_cooker.jpg,mateoV,54:10:54,control,1,1,1,1,1,1,1
280,got some new yarn to start my next knitting project! Guess what I'm making?,yarn.jpg,artisanalways,66:26:46,control,1,1,1,1,1,1,1
281,"Uh oh, a fork in the road... üòÜüòÜ",fork.jpg,Jcole9,61:59:54,control,1,1,1,1,1,1,1
282,We got to meet our new nephew this weekend! Welcome to the family beautiful baby Lydia!,baby.HEIC,_aikira_,64:56:16,control,1,1,1,1,1,1,1
283,"Happy birthday to my beautiful momma! Don't worry, I won't tell everyone how old you're turning üòÇ",momma.HEIC,fusionfeast,65:37:37,control,1,1,0,1,0,1,0
284,ACTION SHOT!! LOOK AT HIM GO!!,kid_bike.HEIC,lee.alexa,54:57:38,control,1,1,0,1,0,1,0
285,Looks like SOMEONE liked her birthday gift! LOL,appa.jpeg,ria_camiii,51:49:09,control,1,1,0,1,0,1,0
286,SNOW DAY!!!!!!!,snow_day.JPG,caffeinated,64:17:42,control,1,1,0,1,0,1,0
287,winter storm got us like,blizzard.JPG,earthpulse,60:02:08,control,1,1,0,1,0,1,0
288,Just call me Princess Tiana from now on I guess üëëüë©‚Äçüç≥,chef.JPG,casssssssssie,68:29:00,control,1,1,0,1,0,1,0
289,"nights like this at camp were truly the best, I wish I could go back",camp_night.jpeg,breethebaker,59:40:25,control,1,1,0,1,0,1,0
290,"I want this car sooooo bad, guess for now I'll just have this picture ofi t",blue_car.jpeg,kittycatbakes,50:17:46,control,1,1,0,1,0,1,0
291,I'm calling these my Cookie Monster Cookies! LOL,blue_cookies.jpeg,localewis,68:52:10,control,1,1,0,1,0,1,0
292,The grind never stops! lol this is what I do instead of studying,working_sloth.jpeg,jupiterpride,62:25:59,control,1,1,0,1,0,1,0
293,"Not quite as tasty as a regular cookie, but if these are healthy I feel a lot better about eating so many!",protein_cookie.jpeg,breathe_in,48:59:41,control,1,1,0,1,0,1,0
294,The best milkshakes are the ones that need an extra cup üòã Thanks for a fun evening guys!,milkshake.jpeg,jackrussellmom,49:01:24,control,1,1,0,1,0,1,0
295,"I finally saved up for a new guitar, but now comes the hard part: PICKING ONE! Thoughts??",guitars.jpeg,lavenderrrrrr,70:56:00,control,1,1,0,1,0,1,0
296,"Luna is exactly my mood right now, look at her face LOL",dog_lounge.jpeg,tastyrobot,64:55:42,control,1,1,0,1,0,1,0
297,"üéµ Let the rain fall down upon her / She's a free and gentle flower, growing wild üåª",wildflowers.jpeg,wiz_khaleesi,50:40:24,control,1,1,0,1,0,1,0
298,Take me to the lakes where all the poets went to die üéµ,lake.jpeg,Ataylor,61:03:29,control,1,1,0,1,0,1,0
299,"""Staring at the ceiling / Two weeks and I'll be home / Carry the feeling / Through Paris, all through Rome""",window.jpeg,cavsforever,48:04:26,control,1,1,0,1,0,1,0
300,SUSHI!!!!!!,sushi.jpeg,tacoguy,71:43:27,control,1,1,0,1,0,1,0
301,Most important meal of the Day!,breakfast.jpeg,Sue_S,57:39:53,control,1,1,0,1,0,1,0
302,Look at these two best friends! Too cute!,dog_and_cat.jpeg,karenM,50:39:31,control,1,1,0,1,0,1,0
303,"""Without music, life would be a blank to me."" -Jane Austen",record_player.jpeg,jake_turk,48:07:33,control,1,1,0,1,0,1,0
304,"I love this Game! (If I'm winning, LOL)",monopoly.jpeg,snowbird,53:20:54,control,1,1,0,1,0,1,0
305,Look at how clearly you could see the rainbow today! Hope this brightens your day like it brightened mine!,rainbow.jpeg,youngcunningham,66:13:07,control,1,1,0,1,0,1,0
306,"Cleo, what are you DOING??? üòÇ",cat_sink.jpeg,generic-joe,63:41:55,control,1,1,0,1,0,1,0
307,"Yer a wizard, Harry!!",hogwarts.jpeg,Smitty12,68:18:08,control,1,1,0,1,0,1,0
308,You could say Sam and I both have a sweet tooth! Yum!,sweet_tooth.jpeg,hockeymom101,55:06:19,control,1,1,0,1,0,1,0
309,Love this goofball!!,cat_pic.jpeg,SamTHEMAN,71:24:36,control,1,1,0,1,0,1,0
310,"Today I got some new plants for my fish tank, it's like an underwater jungle in there now!",fish.jpeg,Marcymaniac,49:28:32,control,1,1,0,1,0,1,0
311,Check out these cool flowers I saw today. Does anyone know what type they are? ,flowers_unique.jpeg,HP743,69:52:35,control,1,1,0,1,0,1,0
312,"It's been so long since I've been on a plane, but I'm so excited!",plane.jpeg,southerngirlCel,51:41:55,control,1,1,0,1,0,1,0
313,"Love this city, it's good to be home üíõ","pittsburgh,jpeg",BossmanRy,70:40:39,control,1,1,0,1,0,1,0
314,"Don't ask what this thing is, we don't even know üòÇ",two_dudes_being_bros.jpeg,TomM41,61:58:06,control,1,1,0,1,0,1,0
315,Girls night at the football game (during a pandemic üôÉ ),girls_football.jpeg,Lisa181818,51:23:54,control,1,1,0,1,0,1,0
316,This was such a fun adventure!,waterfall_thing.jpeg,BeardedMatt,64:03:24,control,1,1,0,1,0,1,0
317,the city at night >>> the city during the day,city_night.jpeg,MedicalRyan,57:50:15,control,1,1,0,1,0,1,0
318,"Visiting my brother for the weekend, and look at the view from his back porch!",porch_view.jpeg,this_jack,49:19:32,control,1,1,0,1,0,1,0
319,And we're off!!!,plane_in_air.jpeg,PatelS,66:50:32,control,1,1,0,1,0,1,0
320,"Ryan was excited about his presents, can you tell?",kid_presents.JPG,DonDonDonna,56:32:09,control,1,1,0,1,0,1,0
321,Lovely hike this morning :),rocks.HEIC,EmmaSmith0214,57:34:50,control,1,1,0,1,0,1,0
,,,,,,0,,0,0,0,0,0
,,,,,,0,,0,0,0,0,0
351,, ,,-10:12:02,blocked,0,0,1,0,1,0,1
352,Vaccine = Autisim ,AntiVax2_blocked.png,difrad,-20:12:00,blocked,0,0,1,0,1,0,1
353,Researchers warn some COVID-19 vaccinees could increases risk of HIV infection,CORONA19_HIV.png,M.Kapadia92,-18:10:10,blocked,0,0,1,0,1,0,1
354,North East ISD elementary student mistakenly given flu shot without parental approval!,Steubing_ranch.png,SnakeCharmer,-15:10:10,blocked,0,0,1,0,1,0,1
355,"""Informed consent is a basic human right."" We appreciate your support and involvement in the process!",informed_consent.png,livelaughlove,-23:00:00,blocked,0,0,1,0,1,0,1
356,"Early COVID-19 vaccines will only prevent symptoms, not block the virus",not_effective_visrus.png,bblueberryy,-18:00:00,blocked,0,0,1,0,1,0,1
357,"China gives unproven COVID-19 Vaccines to thousands, with risks unknown",china_virus_unproven.png,ancho-n-cayenne,-12:00:23,blocked,0,0,1,0,1,0,1
358,"Why the Who faked the pandemic, AGAIN!",WHO_fake_pandemic.png,john73,-11:00:42,blocked,0,0,1,0,1,0,1
359,"Covid vaccine could make pandemic worse, say scientists. There is no way we can trust the vaccine!",worse_pandemic.png,coachmatthews,-5:00:20,blocked,0,0,1,0,1,0,1
360,"Don't the government to force you to get a corona virus vaccine. Together, we can stop them!",stop_vaccine.png,NoahM1121,-16:00:43,blocked,0,0,1,0,1,0,1
361,Russia claims a win in the vaccine race. But would you take a vaccine from Valdimir Putin?!,russia_vaccine.png,MannyDL34,2:20:40,blocked,0,0,1,0,1,0,1
362,Can schools exclude unvaccinated students during the pandemic -- even if it's against religious beliefs?,against_religious.png,sweetpea,4:00:32,blocked,0,0,1,0,1,0,1
363,Where are all the animal rights activists now? ,shark.png,mateoV,6:27:43,blocked,0,0,1,0,1,0,1
364,"Thanks Jennt Maccarthy and Jim Carrey! But honestly, will they ever green the vaccines? I doubt! ",green_the_vaccines.png,artisanalways,8:43:42,blocked,0,0,1,0,1,0,1
365,Jim Carrey Rails Against California's strict Vaccination Law! Thanks Jim for the support!,Jim.png,Jcole9,11:43:42,blocked,0,0,1,0,1,0,1
366,"Ethan Lindenberger is reciving life time benefits for this!!! He himself donesn't believe in vaccine. In fact, he never got his shots!!!",Ethan Lindenberger.png,_aikira_,13:00:00,blocked,0,0,1,0,1,0,1
367,I prefer to die naturally than being forced to get a vaccine.  NO to mandatory vacciens!!,mandatory_vaccine.png,fusionfeast,15:54:34,blocked,0,0,1,0,1,0,1
368,The government are using vaccine to spread their ideologies. Unbelivable but true! ,spread_ideologyies.png,lee.alexa,17:05:30,blocked,0,0,1,0,1,0,1
369,Succumbing to the Vaccine Means Succumbing to a totalitarian regime. I refuse to take vaccines as it has bigger implications on our rights and freedom.,freedomprotest.jpg,ria_camiii,20:35:10,blocked,0,0,1,0,1,0,1
370,Vaccines are unnatural and they are harmful to our body. Stop the vaccination.,injec.jpg,caffeinated,22:30:53,blocked,0,0,1,0,1,0,1
371,Thousands of animals were experimented on to test the vaccines. What are animal activists even doing???? ,nocovac.jpg,earthpulse,22:59:04,blocked,0,0,1,0,1,0,1
372,China's vaccines weren't tested strictly and yet our government tries to inject us with it?,vaxxisdeath.jpg,casssssssssie,24:42:23,blocked,0,0,1,0,1,0,1
373,People who did not vaccinate are mistreated and discriminated against? Is that fair??,govprotest.jpg,breethebaker,26:04:42,blocked,0,0,1,0,1,0,1
374,Vaccines are now politicized. Government is now spreading ideology to the people and persecute those that refuse to be vaccinated.,vaxxunconstitutional.jpg,kittycatbakes,27:00:43,blocked,0,0,1,0,1,0,1
375,Did you know that vaccines are used to harm us and control the human population? Will you still be taking the vaccine?,unsafevacs.jpg,localewis,29:00:43,blocked,0,0,1,0,1,0,1
376,COVID 19 is neither serious nor is it as harmful as the media leads us to believe. Vaccinations are unnecessary and it is used to bring more conflict into our society,prot.jpeg,jupiterpride,31:43:43,blocked,0,0,1,0,1,0,1
377,I can't believe this nonsense! why can't I do what I want with my body? Who will take the blame if I die from the vaccination? Companies? Government?,cov19pro.jpg,breathe_in,35:00:23,blocked,0,0,1,0,1,0,1
378,Covid vaccines are neither effective nor safe! why risk your life if it isn't even effective?,noforce.jpeg,jackrussellmom,39:00:23,blocked,0,0,1,0,1,0,1
379,Take a look at the studies done on the side effects of covid vaccine in Nature. The vaccines will actually help the virus,antivacgathering.jpeg,lavenderrrrrr,45:19:31,blocked,0,0,1,0,1,0,1
380,"64,500 people DIED from the VACCINES. Not from COVID!!! COVID has a 99.7% survival rate! It's the vaccine that will kill you, not covid! ",diedFromVax.png,tastyrobot,47:00:10,blocked,0,0,1,0,1,0,1
381,This is all just for big ph@rma to make money. That's it. It's that simple. Don't die for their profits.,pharmy.png,wiz_khaleesi,49:00:14,blocked,0,0,1,0,1,0,1
382,Go through this check list and then tell me the covid vaccines are safe,qanda.png,cavsforever,50:02:12,blocked,0,0,1,0,1,0,1
383,The most effective covid vaccine is Jesus. Trust and believe in Jesus and he will protect you.,jesus.png,tacoguy,52:00:13,blocked,0,0,1,0,1,0,1
384,"we must spread the truth to stop medical tyranny. look at all the negative effects of vaccines! it has mercury, alumninum, aborted fetal tissue! need I say more?",med_tyranny.png,Ataylor,55:00:20,blocked,0,0,1,0,1,0,1
385,only ur immune system can heal u! medicines and vaccines r just more toxins ur adding to ur body! plz stop poisoning urself,medical_truths.png,Sue_S,58:28:00,blocked,0,0,1,0,1,0,1
386,two more deaths from the covid vaccine and yet no one cares? please listen to me: the vaccines arent safe! save yourself,pensioners.png,karenM,61:46:00,blocked,0,0,1,0,1,0,1
387,"Yes, yes they do!! ",sterilize.png,jake_turk,64:43:12,blocked,0,0,1,0,1,0,1
388,But somehow we're still not allowed to question vaccines. The vaccines can kill! ,blood_clots.png,snowbird,66:43:32,blocked,0,0,1,0,1,0,1
389,I'd definitely gonna have to go with all of the above on this one. ,fav_part.png,difrad,68:03:42,blocked,0,0,1,0,1,0,1
390,how many people must die from the covid vaccine? the deaths are silenced but we know the truth. tell everyone you know: the vaccine kills!,another_death.png,M.Kapadia92,70:32:42,blocked,0,0,1,0,1,0,1
,,,,,,,,,,,,
,,,,,,,,,,,,
,,,,,,,,,,,,
,,,,,,,,,,,,
,,,,,,,,,,,,
,,,,,,,,,,,,
,,,,,,,,,,,,
,,,,,,,,,,,,
,,,,,,,,,,,,
,,,,,,,,,,,,
,,,,,,,,,,,,
,,,,,,,,,,,,
,,,,,,,,,,,,
,,,,,,,,,,,,
,,,,,,,,,,,,
,,,,,,,,,,,,
,,,,,,,,,,,,
,,,,,,,,,,,,
,,,,,,,,,,,,
,,,,,,,,,,,,
,,,,,,,,,,,,
,,,,,,,,,,,,
,,,,,,,,,,,,
,,,,,,,,,,,,
,,,,,,,,,,,,
,,,,,,,,,,,,
,,,,,,,,,,,,
,,,,,,,,,,,,
,,,,,,,,,,,,
,,,,,,,,,,,,
,,,,,,,,,,,,
,,,,,,,,,,,,
,,,,,,,,,,,,
,,,,,,,,,,,,
,,,,,,,,,,,,
,,,,,,,,,,,,
,,,,,,,,,,,,
,,,,,,,,,,,,
,,,,,,,,,,,,
,,,,,,,,,,,,
,,,,,,,,,,,,
,,,,,,,,,,,,
,,,,,,,,,,,,
,,,,,,,,,,,,
,,,,,,,,,,,,
,,,,,,,,,,,,
,,,,,,,,,,,,
,,,,,,,,,,,,
,,,,,,,,,,,,
,,,,,,,,,,,,
,,,,,,,,,,,,
,,,,,,,,,,,,
,,,,,,,,,,,,
,,,,,,,,,,,,
,,,,,,,,,,,,
,,,,,,,,,,,,
,,,,,,,,,,,,
,,,,,,,,,,,,
,,,,,,,,,,,,
,,,,,,,,,,,,
,,,,,,,,,,,,
,,,,,,,,,,,,
,,,,,,,,,,,,
,,,,,,,,,,,,
,,,,,,,,,,,,
,,,,,,,,,,,,
,,,,,,,,,,,,
,,,,,,,,,,,,
,,,,,,,,,,,,
,,,,,,,,,,,,
,,,,,,,,,,,,
,,,,,,,,,,,,
,,,,,,,,,,,,
,,,,,,,,,,,,
,,,,,,,,,,,,
,,,,,,,,,,,,
,,,,,,,,,,,,
,,,,,,,,,,,,
,,,,,,,,,,,,
,,,,,,,,,,,,
,,,,,,,,,,,,
,,,,,,,,,,,,
,,,,,,,,,,,,
,,,,,,,,,,,,
,,,,,,,,,,,,
,,,,,,,,,,,,
,,,,,,,,,,,,
,,,,,,,,,,,,
,,,,,,,,,,,,
,,,,,,,,,,,,
,,,,,,,,,,,,
,,,,,,,,,,,,
,,,,,,,,,,,,
,,,,,,,,,,,,
,,,,,,,,,,,,
,,,,,,,,,,,,
,,,,,,,,,,,,
,,,,,,,,,,,,
,,,,,,,,,,,,
,,,,,,,,,,,,
,,,,,,,,,,,,
,,,,,,,,,,,,
,,,,,,,,,,,,
,,,,,,,,,,,,
,,,,,,,,,,,,
,,,,,,,,,,,,
,,,,,,,,,,,,
,,,,,,,,,,,,
,,,,,,,,,,,,
,,,,,,,,,,,,
,,,,,,,,,,,,
,,,,,,,,,,,,
,,,,,,,,,,,,
,,,,,,,,,,,,
,,,,,,,,,,,,
,,,,,,,,,,,,
,,,,,,,,,,,,
,,,,,,,,,,,,
,,speak_english.jpg,,,,,,,,,,
,,,,,,,,,,,,
,,,,,,,,,,,,
,,,,,,,,,,,,
,,,,,,,,,,,,
,,,,,,,,,,,,
,,,,,,,,,,,,
,,,,,,,,,,,,
,,,,,,,,,,,,
,,,,,,,,,,,,
,,,,,,,,,,,,
,,,,,,,,,,,,
,,,,,,,,,,,,
,,,,,,,,,,,,
,,,,,,,,,,,,
,,,,,,,,,,,,
520,If you're dressed like a hooker... Don't be surprised when a guy treats you like one,sexist_picture.png,,,,,,,,,,
521,No disrespect to all the goof indians but your country is full of misogyny and sexism. You're behind like a millenium to most of the world,indian_girl_article.png,,,,,,,,,,
522,"I'm pretty sure people dislike her because they don't want to be lectured by a child who has no clue what she's even talking about But sure, play the victim card Greta",greta_thunberg.jpg,,,,,,,,,,
523,"Not wanting muslims around you isn't islamophobia, it's common sense. Same as no one wants gypsies as neighbors for obvious reasons.",poland_article.png,,,,,,,,,,