username,name,age,picture,gender,bio,location,class,control,descriptive_p20,descriptive_p80,descriptive_p20_injuctive_ProvaccinComments,descriptive80_injuctive_provaccineComments,,,,,
difrad,Dominic DiFranzo,32,23.jpg,Male,I made this!,"Ithaca, NY",cohort,normal,,,,,,,,,
M.Kapadia92,Mo Kapadia,27,0.jpg,Male,"Foodie Ô£ø√º√ß‚â§, photographer Ô£ø√º√¨‚àë, traveller ‚Äö√∫√†√î‚àè√®, (aspiring) restaurant critic.","New York, NY",cohort,normal,,,,,,,,,
SnakeCharmer,Bao,23,139.jpg,Male,love to travel and eat!,my heart is in Houston,normal,normal,,,,,,,,,
livelaughlove,Elizabeth Newman,35,150.jpg,Female,"love my husband, kids, and creative cooking... oh, and don't forget the wine!",,normal,normal,,,,,,,,,
bblueberryy,Emma Hanson,26,155.jpg,Female,living the vegan life since 2002! Ask me about my fav plant-based recipes!,"Jefferson City, MO",bully,normal,,,,,,,,,"we will either use the laready exisiting 76 actos, and consider some of them as anti-vaccine supporters, or will create new actors as anti-vaccine supporters"
ancho-n-cayenne,Yalonda Carter,31,165.jpg,Female,The spice of life... is spice! Ô£ø√º√•‚àÇ√î‚àè√®Ô£ø√º√•‚àÇ√î‚àè√®,"Baltimore, MD",cohort,normal,,,,,,,,,
john73,John,31,man30.jpeg,Male,"I love my kids, my wife, and my '73 mustang.","Seattle, WA",normal,normal,,,,,,,,,
coachmatthews,Eva Matthews,32,37.jpg,Female,"Mom, foodie, gymnastics coach. Nutrition is strength!","Boston, MA",cohort,normal,,,,,,,,,
NoahM1121,Noah Marshall,28,genericphoto3.png,Male,breakfast all day,PA,normal,normal,,,,,,,,,
MannyDL34,Manuel De Leon,30,6.jpg,Male,gotta eat em all,,normal,normal,,,,,,,,,
sweetpea,Ananya,25,8.jpg,Female,the best thing in life is seeing my mom's face when I cook for *her* for a change,"San Francisco, CA",normal,normal,,,,,,,,,
mateoV,Mateo,40,genericphoto4.png,Male,burgers beer &baseball,My house & mturk,normal,normal,,,,,,,,,
artisanalways,Riya,27,image-12.png,Female,artisan mugs and artisan hugs,"North Hempstead, NY",normal,normal,,,,,,,,,
Jcole9,jcole,48,image-120.png,Male,Sharing Momma's Carolina BBQ with the world.,Charlotte,normal,normal,,,,,,,,,
_aikira_,Aikira Walker,21,image-13.png,Female,"~~friends, food & sunshine~~",,normal,normal,,,,,,,,,
fusionfeast,Max Cho,23,image-14.png,Male,"Korean-Mexican fusion, inside and out.",NJ,normal,normal,,,,,,,,,
lee.alexa,Alexa Lee,25,image-15.png,Female,"blogger, dreamer, traveller, chef","Plano, TX",cohort,normal,,,,,,,,,
ria_camiii,Valeria Camilo,28,image-18.png,Female,a smile is never the wrong decision,"Wichita, KA",normal,normal,,,,,,,,,
caffeinated,Tiana Brown,34,image-23.png,Female,still trying to make the perfect #cappucino,,normal,normal,,,,,,,,,
earthpulse,Sophia P.,27,image-29.png,Female,**food**photos**earth-friendly fashion**,"Jersey City, NJ",normal,normal,,,,,,,,,
casssssssssie,Cassie Reed,24,image-31.png,Female,Adulting is hard so I'm taking pics to prove to myself that I can do it!,"White Plains, NY",vicitim,normal,,,,,,,,,
breethebaker,Breanne Carman-Hines,27,image-41.png,Female,"sweet baking, savory baking... if the oven's on, I'm in.","Salt Lake City, UT",normal,normal,,,,,,,,,
kittycatbakes,KittyCatBakes,29,image-45.png,Female,"beginning traveller, amateur knitter, intermediate baker",,normal,normal,,,,,,,,,
localewis,Remy Lewis,25,male-33.jpg,Male,The coolest locavore bartender in the West.,"Lincoln, NE",cohort,normal,,,,,,,,,
jupiterpride,Jamie Taggart,26,image-51.png,Male,"eating whatever and having a blast in Jupiter, FL!","Jupiter, FL",normal,normal,,,,,,,,,
breathe_in,Aimee Lin,23,genericphoto6.png,Female,meditation & clean eating (& the occasional martini) make the world go round,"Atlanta, GA",normal,normal,,,,,,,,,
jackrussellmom,Karen Laretti,33,image-8.png,Female,love my jack russels Ô£ø√º√™‚àÇ ‚Äö√π¬ß√î‚àè√®,"Chula Vista, CA",normal,normal,,,,,,,,,
bunnylover56,Sofia,38,fatimasaab.jpg,Female,Home is where the heart is ‚ù£Ô∏è And the good food üòÑ,"Maui, HI",normal,normal,,,,,,,,,
tastyrobot,TastyHae,24,image-80.png,Female,"i'd say that fast food is my guilty pleasure, but I don't actually feel guilty about it.","Pittsburgh, PA",normal,normal,,,,,,,,,
wiz_khaleesi,Wiz Khaleesi,25,image-89.png,Female,Ô£ø√º√Æ‚Ä¢Ô£ø√º√Æ‚Ä¢Ô£ø√º√Æ‚Ä¢,,normal,normal,,,,,,,,,
cavsforever,Hiran,37,image-94.png,Male,#1 CAVS FAN,"Cleveland, OH",normal,normal,,,,,,,,,
tacoguy,Santiago Coros,28,male-78.jpg,Male,real life: grad student in physics. dream life: taco truck owner,your moms house,normal,normal,,,,,,,,,
Ataylor,Ataylor,42,image-92.png,Male,Sending prayers & blessings for your life journey.,"Arlington, VA",normal,normal,,,,,,,,,
Sue_S,Sue Shaw,45,genericphoto6.png,Female,one day at a time,"Boise, ID",normal,normal,,,,,,,,,
karenM,Karen M.,39,female-76.jpg,Female,trust in the Lord,CA,normal,normal,,,,,,,,,
jake_turk,Jake T.,30,jaket.jpeg,Male,insert witty bio here,NY,normal,normal,,,,,,,,,
snowbird,Jake Owens,32,1.jpg,Male,eat + sleep + tear it up,"Burlington, VT",normal,normal,,,,,,,,,
youngcunningham,Michael Cunningham,22,3.jpg,Male,football is life. UT Nutrition Program '18.,TN,normal,normal,,,,,,,,,
generic-joe,Joe G.,25,genericphoto2.png,Male,I'm generic!,"Ithaca, NY",highread,normal,,,,,,,,,
Smitty12,Dennis Smith,24,11.jpg,Male,Lover of all things Boston,"Boston, MA",normal,normal,,,,,,,,,
hockeymom101,Tracey Green,37,15.png,Female,proud mom of two amazing boys!,"Hanover, NH",normal,normal,,,,,,,,,
SamTHEMAN,Sam Kaldis,20,16.jpg,Male,"UC '20      Just looking for good friends, good food and good times","Green Bay, WI",normal,normal,,,,,,,,,
Marcymaniac,Marcel Bauld,21,13.png,Male,Keep on Rocking in the free world,"Fargo, ND",normal,normal,,,,,,,,,
HP743,Heather,25,bot1.png,Female,Master Chef and Steering Wheel Karaoke Enthusiast,,normal,normal,,,,,,,,,
southerngirlCel,Celia McCarron,21,bot43.jpg,Female,,"Scottsdale, AR",normal,normal,,,,,,,,,
BossmanRy,Ryan Haiskenen,35,12.jpg,Male,what do you call a nosy pepper? .....Jalepeno Business,Chicago,normal,normal,,,,,,,,,
TomM41,Tom Mallott,45,14.jpg,Male,Business Professional. Husband. Father.,"Florida
",normal,normal,,,,,,,,,
BeardedMatt,Matthew McConville,33,Bot-Sp18.1.jpg,Male,Eating all the ribs with my blue eyes.  BBQ side options: mac n' cheese + beans,Home @TX,normal,normal,,,,,,,,,
MedicalRyan,Ryan Loves TACO,28,Bot-Sp18.2.jpg,Male,MD Student at UCLA. TACOS Ô£ø√º√•√Ü TACOS Ô£ø√º√•√Ü TACOS Ô£ø√º√•√Ü TACOS Ô£ø√º√•√Ü TACOS Ô£ø√º√•√Ü,"West coast, best coast",normal,normal,,,,,,,,,
Lisa181818,Lisa,38,Bot-Sp18.3.jpg,Female,Health-convious mama in Kentucky. Ô£ø√º√∂¬¥ GMO Ô£ø√º√•¬± Natural Food,Proud Red State--KY,normal,normal,,,,,,,,,
this_jack,Jack Boy,26,Bot-Sp18.4.jpg,Male,Ô£ø√º√≤√á It's a car air freshner that I stick into my nose.,"New York, NY",normal,normal,,,,,,,,,
PatelS,Shristi Patel,25,Bot-Sp18.5.jpg,Female,Not your every day Indian girl who loves butter chicken.,Wakanda or Hogwarts,normal,normal,,,,,,,,,
DonDonDonna,DonnaHAMMERSMITH,30,Bot-Sp18.6.jpg,Female,"RN at Mercy Hospital. Ô£ø√º√≤√£ Open Relationship with @MikeNÔ£ø√º√¨√ß Fort Smith, AR","Fort Smith, AR",normal,normal,,,,,,,,,
EmmaSmith0214,Emma Smith,33,Bot-Sp18.7.jpg,Female,Ô£ø√º√¨¬± Social Media Specialist. Corgi mama. Buffalo Wings Supporter. <3 WNY,Online 24/7,normal,normal,,,,,,,,,
B.Mike,Mike B.,33,Bot-Sp18.8.jpg,Male,Journey to a healthier life. Blink gym is my home. #RunFatBoyRun,"Scottland -> Brooklyn, NY",normal,normal,,,,,,,,,
mariaann,mariaann,38,Bot-Sp18.12.JPG,Female,,Santa Fe!!!,normal,normal,,,,,,,,,
thisisalfie1998,thisisalfie1999,20,Bot-Sp18.16.jpg,Male,HDA '15 --> UChi '19 Go bears!!!,Chicago,normal,normal,,,,,,,,,
KatieeeM,KatieeeM,25,Bot-Sp18.9.JPG,Female,May the (food) force be with you always,Tatooine,normal,normal,,,,,,,,,
TimBJenkins,Dad Jenkins,42,Bot-Sp18.14.jpg,Male,Husband of a strong businesswoman and father of a beautiful ballerina,,normal,normal,,,,,,,,,
jiruletheworld,Jin Ying,23,Bot-SP18.22.png,Male,"Workout Ô£ø√º√®√£, Travel ‚Äö√∫√†, Eat Ô£ø√º√ß¬•",,normal,normal,,,,,,,,,
ayoitsayo,Maui Ayo,26,Bot-SP18.23.png,Male,"What's up, guys! Let me see some goodies ova here.","Honolulu, HI",normal,normal,,,,,,,,,
sweetietooth,Wendy,42,Bot-SP18.17.png,Female,"I have a constant sweet tooth, so I like anything from the bakery, like cupcakes, cookies.","Champaign, IL",normal,normal,,,,,,,,,
dana84,Dana Cox,34,Bot-SP18.18.png,Female,"It's me, Dana.","Ann Arbor, MI",normal,normal,,,,,,,,,
lucyinurdreams,Lucy Gregory,28,Bot-SP18.21.png,Female,"Cooking is like painting. Like colors, there are only so many flavors - it's how you combine them that sets you apart. ",NYC,normal,normal,,,,,,,,,
chefricky,Ricky Hopkins,41,Bot-SP18.20.png,Male,"The simplest things in life give me the most pleasure: cooking a good meal, enjoying my friends. ",Texas,normal,normal,,,,,,,,,
clayton.myers,clayton.myers,25,genericphoto5.png,Male,The most dangerous drinking game is seeing how long I can go without coffee.,"Pinehurst, NC",normal,normal,,,,,,,,,
aleeboi,Alex Lee,35,Bot-SP18.24.png,Male,Food makes me happy. I want to share the happiness with you!,Sunny Los Anageles,normal,normal,,,,,,,,,
mewranda,mewranda,22,genericphoto1.png,Female,Cat & Food & Love,Home with 6 cats,normal,normal,,,,,,,,,
masterchefterry,masterchefterry,32,Bot-Sp18.13.JPG,Male,I'm a chef with a side job as lawyer,"Washington, DC",normal,normal,,,,,,,,,
gwenfromtheblock,GwenfromtheBlock,28,person 2.jpeg,Female,Traveller ‚Äö√∫√†√î‚àè√®Ô£ø√º√∂√âÔ£ø√º√∂√≤,Nashville,normal,normal,,,,,,,,,
fgonzalez,MomFiona,45,genericphoto2.png,Female,,austin texas,normal,normal,,,,,,,,,
VitaBOCA,VitaBOCA,25,VitaBOCA.png,Female,"‚Äö√∫√ÆFat Loss Never Tasted So Good.
‚Äö√∫√ÆReduces Cravings.
‚Äö√∫√ÆEnhances Mood
‚Äö√∫√ÆEnhances Definition & Leanness.
‚Äö√∫√ÆAll Day, Smooth Energy.","New York, NY",normal,normal,,,,,,,,,
EZpz,Emma Zhu,23,bobaPP.jpg,Female,"Love yourself, by stuffing all-you-can-eat buffets into your tummy Ô£ø√º√≤√µÔ£ø√º√≤√µÔ£ø√º√≤√µ","Lincoln, NE",,normal,,,,,,,,,
MrShazam,MrShazam,40,clintonclinton.png,Female,,,,normal,,,,,,,,,
JuniperQ,JuniperQ,20,343kol.png,male,,AMERICA,,normal,,,,,,,,,
csmbx1,Suzanne,42,dogdogdog.jpg,Female,MAKE $5000 PER WEEK WORKING FROM HOME,,,normal,,,,,,,,,
BossmanRy,Ryan Haiskenen,35,12.jpg,Male,what do you call a nosy pepper? .....Jalepeno Business,Chicago,normal,normal,,,,,,,,,